8727,7809,2011/2012,1,2011-08-05,9789,9790,3,1
8728,7809,2011/2012,1,2011-08-06,8697,8350,2,0
8729,7809,2011/2012,1,2011-08-06,9904,8226,2,1
8730,7809,2011/2012,1,2011-08-07,9905,8178,2,0
8731,7809,2011/2012,1,2011-08-06,10269,10189,3,0
8732,7809,2011/2012,1,2011-08-06,8722,8721,0,3
8733,7809,2011/2012,1,2011-08-06,8406,8358,2,2
8734,7809,2011/2012,1,2011-08-06,8177,8165,0,1
8735,7809,2011/2012,1,2011-08-07,9823,9788,0,1
8736,7809,2011/2012,10,2011-10-22,9789,8722,5,0
8737,7809,2011/2012,10,2011-10-23,8178,10189,0,1
8738,7809,2011/2012,10,2011-10-22,9790,8721,1,1
8739,7809,2011/2012,10,2011-10-23,9904,9823,2,1
8740,7809,2011/2012,10,2011-10-22,8165,10269,2,2
8741,7809,2011/2012,10,2011-10-22,8350,8358,1,0
8742,7809,2011/2012,10,2011-10-22,8226,9788,1,0
8743,7809,2011/2012,10,2011-10-21,8406,8697,1,1
8744,7809,2011/2012,10,2011-10-22,8177,9905,0,0
8745,7809,2011/2012,11,2011-10-29,9823,8165,4,0
8746,7809,2011/2012,11,2011-10-29,10189,8226,3,1
8747,7809,2011/2012,11,2011-10-30,9790,8350,1,1
8748,7809,2011/2012,11,2011-10-29,9905,8697,1,3
8749,7809,2011/2012,11,2011-10-28,8358,8178,0,1
8750,7809,2011/2012,11,2011-10-29,10269,9789,1,1
8751,7809,2011/2012,11,2011-10-30,8722,8406,3,0
8752,7809,2011/2012,11,2011-10-29,8721,8177,2,3
8753,7809,2011/2012,11,2011-10-29,9788,9904,2,1
8754,7809,2011/2012,12,2011-11-05,9789,8721,5,1
8755,7809,2011/2012,12,2011-11-05,8697,8722,3,2
8756,7809,2011/2012,12,2011-11-05,8178,9790,2,2
8757,7809,2011/2012,12,2011-11-06,9904,10189,2,2
8758,7809,2011/2012,12,2011-11-04,9905,10269,3,1
8759,7809,2011/2012,12,2011-11-05,8165,8358,1,2
8760,7809,2011/2012,12,2011-11-05,8226,8350,1,1
8761,7809,2011/2012,12,2011-11-06,8406,9823,1,2
8762,7809,2011/2012,12,2011-11-05,8177,9788,1,2
8763,7809,2011/2012,13,2011-11-19,9823,9789,0,1
8764,7809,2011/2012,13,2011-11-19,10189,8165,4,0
8765,7809,2011/2012,13,2011-11-20,9790,8226,2,0
8766,7809,2011/2012,13,2011-11-19,8358,8177,2,2
8767,7809,2011/2012,13,2011-11-18,8350,8178,0,2
8768,7809,2011/2012,13,2011-11-20,10269,8406,2,1
8769,7809,2011/2012,13,2011-12-13,8722,9905,1,1
8770,7809,2011/2012,13,2011-11-19,8721,9904,4,1
8771,7809,2011/2012,13,2011-11-19,9788,8697,5,0
8772,7809,2011/2012,14,2011-11-26,9789,10189,2,0
8773,7809,2011/2012,14,2011-11-27,8697,10269,2,0
8774,7809,2011/2012,14,2011-11-26,9904,9790,1,1
8775,7809,2011/2012,14,2011-11-27,9905,9823,3,2
8776,7809,2011/2012,14,2011-11-26,8165,8350,1,0
8777,7809,2011/2012,14,2011-11-26,8226,8358,1,1
8778,7809,2011/2012,14,2011-11-25,8722,9788,0,3
8779,7809,2011/2012,14,2011-11-26,8406,8721,2,0
8780,7809,2011/2012,14,2011-11-26,8177,8178,3,3
8781,7809,2011/2012,15,2011-12-02,8178,8226,2,0
8782,7809,2011/2012,15,2011-12-03,9823,8697,4,1
8783,7809,2011/2012,15,2011-12-04,10189,8406,3,1
8784,7809,2011/2012,15,2011-12-04,9790,8165,2,0
8785,7809,2011/2012,15,2011-12-03,8358,9904,1,1
8786,7809,2011/2012,15,2011-12-03,8350,8177,1,1
8787,7809,2011/2012,15,2011-12-03,10269,8722,2,2
8788,7809,2011/2012,15,2011-12-03,8721,9905,2,2
8789,7809,2011/2012,15,2011-12-03,9788,9789,1,1
8790,7809,2011/2012,16,2011-12-11,9789,8350,1,1
8791,7809,2011/2012,16,2011-12-10,8697,8721,4,1
8792,7809,2011/2012,16,2011-12-10,9904,8178,0,0
8793,7809,2011/2012,16,2011-12-10,9905,9790,0,0
8794,7809,2011/2012,16,2011-12-10,8165,8226,0,2
8795,7809,2011/2012,16,2011-12-11,10269,9823,1,2
8796,7809,2011/2012,16,2011-12-10,8722,8358,4,0
8797,7809,2011/2012,16,2011-12-10,8406,9788,1,0
8798,7809,2011/2012,16,2011-12-09,8177,10189,1,2
8799,7809,2011/2012,17,2011-12-17,8178,8165,0,3
8800,7809,2011/2012,17,2011-12-16,9823,8722,3,0
8801,7809,2011/2012,17,2011-12-17,10189,8697,5,0
8802,7809,2011/2012,17,2011-12-17,9790,8406,1,1
8803,7809,2011/2012,17,2011-12-17,8358,9789,1,4
8804,7809,2011/2012,17,2011-12-18,8350,9904,1,1
8805,7809,2011/2012,17,2011-12-17,8226,8177,1,1
8806,7809,2011/2012,17,2011-12-17,8721,10269,1,0
8807,7809,2011/2012,17,2011-12-18,9788,9905,1,0
8808,7809,2011/2012,18,2012-01-22,8178,9905,3,2
8809,7809,2011/2012,18,2012-01-21,10189,10269,3,1
8810,7809,2011/2012,18,2012-01-22,9790,9789,1,5
8811,7809,2011/2012,18,2012-01-21,8165,8177,2,0
8812,7809,2011/2012,18,2012-01-21,8358,8406,1,0
8813,7809,2011/2012,18,2012-01-21,8350,8697,0,0
8814,7809,2011/2012,18,2012-01-21,8226,9904,0,0
8815,7809,2011/2012,18,2012-01-21,8721,8722,1,0
8816,7809,2011/2012,18,2012-01-20,9788,9823,3,1
8817,7809,2011/2012,19,2012-01-28,9789,8226,3,1
8818,7809,2011/2012,19,2012-01-28,9823,8721,2,0
8819,7809,2011/2012,19,2012-01-28,8697,8178,1,1
8820,7809,2011/2012,19,2012-01-27,9904,8165,1,0
8821,7809,2011/2012,19,2012-01-29,9905,8358,3,1
8822,7809,2011/2012,19,2012-01-29,10269,9788,0,3
8823,7809,2011/2012,19,2012-01-28,8722,10189,1,4
8824,7809,2011/2012,19,2012-01-28,8406,8350,2,2
8825,7809,2011/2012,19,2012-01-28,8177,9790,1,2
8826,7809,2011/2012,2,2011-08-14,8178,8697,1,0
8827,7809,2011/2012,2,2011-08-13,10189,8722,5,1
8828,7809,2011/2012,2,2011-08-13,9790,8177,2,2
8829,7809,2011/2012,2,2011-08-13,8165,9904,1,2
8830,7809,2011/2012,2,2011-08-13,8358,9905,1,2
8831,7809,2011/2012,2,2011-08-14,8350,8406,1,1
8832,7809,2011/2012,2,2011-08-13,8226,9789,1,0
8833,7809,2011/2012,2,2011-08-13,8721,9823,0,1
8834,7809,2011/2012,2,2011-08-13,9788,10269,1,1
8835,7809,2011/2012,20,2012-02-04,8178,10269,2,2
8836,7809,2011/2012,20,2012-02-04,10189,9905,1,1
8837,7809,2011/2012,20,2012-02-04,9790,9823,1,1
8838,7809,2011/2012,20,2012-02-03,8165,9789,0,2
8839,7809,2011/2012,20,2012-02-05,8358,8697,2,2
8840,7809,2011/2012,20,2012-02-05,8350,8722,0,1
8841,7809,2011/2012,20,2012-02-04,8226,8406,2,2
8842,7809,2011/2012,20,2012-02-04,8721,9788,0,0
8843,7809,2011/2012,20,2012-02-04,8177,9904,0,1
8844,7809,2011/2012,21,2012-02-11,9789,8178,1,0
8845,7809,2011/2012,21,2012-02-11,9823,8350,2,0
8846,7809,2011/2012,21,2012-02-11,8697,8226,1,1
8847,7809,2011/2012,21,2012-02-11,9905,9904,1,1
8848,7809,2011/2012,21,2012-02-11,10269,8177,5,0
8849,7809,2011/2012,21,2012-02-12,8722,9790,0,1
8850,7809,2011/2012,21,2012-02-10,8721,8358,3,2
8851,7809,2011/2012,21,2012-02-11,9788,10189,3,0
8852,7809,2011/2012,21,2012-02-12,8406,8165,0,0
8853,7809,2011/2012,22,2012-02-18,8178,8406,4,1
8854,7809,2011/2012,22,2012-02-19,10189,8721,4,0
8855,7809,2011/2012,22,2012-02-18,9790,8697,1,3
8856,7809,2011/2012,22,2012-02-19,9904,10269,4,2
8857,7809,2011/2012,22,2012-02-18,8165,8722,2,1
8858,7809,2011/2012,22,2012-02-18,8358,9823,0,0
8859,7809,2011/2012,22,2012-02-18,8350,9788,1,2
8860,7809,2011/2012,22,2012-02-17,8226,9905,1,1
8861,7809,2011/2012,22,2012-02-18,8177,9789,0,1
8862,7809,2011/2012,23,2012-02-26,9789,9904,3,1
8863,7809,2011/2012,23,2012-02-26,9823,10189,2,0
8864,7809,2011/2012,23,2012-02-25,8697,8165,0,1
8865,7809,2011/2012,23,2012-02-25,9905,8350,4,0
8866,7809,2011/2012,23,2012-02-25,10269,8358,4,1
8867,7809,2011/2012,23,2012-02-25,8722,8178,0,2
8868,7809,2011/2012,23,2012-02-25,8721,8226,1,2
8869,7809,2011/2012,23,2012-02-24,9788,9790,1,1
8870,7809,2011/2012,23,2012-02-25,8406,8177,3,0
8871,7809,2011/2012,24,2012-03-03,9789,9905,2,1
8872,7809,2011/2012,24,2012-03-03,8178,9823,2,0
8873,7809,2011/2012,24,2012-03-03,9790,10269,0,4
8874,7809,2011/2012,24,2012-03-03,9904,8406,2,2
8875,7809,2011/2012,24,2012-03-04,8165,9788,1,0
8876,7809,2011/2012,24,2012-03-03,8358,10189,2,1
8877,7809,2011/2012,24,2012-03-03,8350,8721,0,0
8878,7809,2011/2012,24,2012-03-04,8226,8722,1,1
8879,7809,2011/2012,24,2012-03-03,8177,8697,1,0
8880,7809,2011/2012,25,2012-03-10,9823,8226,7,1
8881,7809,2011/2012,25,2012-03-11,10189,9790,3,1
8882,7809,2011/2012,25,2012-03-11,8697,9904,3,0
8883,7809,2011/2012,25,2012-03-10,9905,8165,2,1
8884,7809,2011/2012,25,2012-03-09,10269,8350,0,0
8885,7809,2011/2012,25,2012-03-10,8722,8177,1,0
8886,7809,2011/2012,25,2012-03-10,8721,8178,3,2
8887,7809,2011/2012,25,2012-03-10,9788,8358,0,0
8888,7809,2011/2012,25,2012-03-10,8406,9789,0,0
8889,7809,2011/2012,26,2012-03-17,9789,8697,1,0
8890,7809,2011/2012,26,2012-03-17,8178,9788,1,2
8891,7809,2011/2012,26,2012-03-17,9790,8358,1,3
8892,7809,2011/2012,26,2012-03-18,9904,8722,4,1
8893,7809,2011/2012,26,2012-03-17,8165,8721,1,3
8894,7809,2011/2012,26,2012-03-18,8350,10189,1,4
8895,7809,2011/2012,26,2012-03-16,8226,10269,1,2
8896,7809,2011/2012,26,2012-03-17,8406,9905,2,1
8897,7809,2011/2012,26,2012-03-17,8177,9823,0,6
8898,7809,2011/2012,27,2012-03-24,9823,9904,2,1
8899,7809,2011/2012,27,2012-03-24,10189,8178,2,0
8900,7809,2011/2012,27,2012-03-24,8697,8406,1,1
8901,7809,2011/2012,27,2012-03-24,9905,8177,1,3
8902,7809,2011/2012,27,2012-03-24,8358,8350,2,0
8903,7809,2011/2012,27,2012-03-25,10269,8165,1,0
8904,7809,2011/2012,27,2012-03-25,8722,9789,1,6
8905,7809,2011/2012,27,2012-03-23,8721,9790,2,1
8906,7809,2011/2012,27,2012-03-24,9788,8226,1,2
8907,7809,2011/2012,28,2012-03-30,9789,10269,4,4
8908,7809,2011/2012,28,2012-03-31,8178,8358,0,2
8909,7809,2011/2012,28,2012-03-31,8697,9905,0,3
8910,7809,2011/2012,28,2012-04-01,9904,9788,2,1
8911,7809,2011/2012,28,2012-03-31,8165,9823,0,1
8912,7809,2011/2012,28,2012-04-01,8226,10189,1,1
8913,7809,2011/2012,28,2012-03-31,8406,8722,2,1
8914,7809,2011/2012,28,2012-03-31,8177,8721,1,4
8915,7809,2011/2012,28,2012-03-31,8350,9790,0,1
8916,7809,2011/2012,29,2012-04-07,9823,8406,2,1
8917,7809,2011/2012,29,2012-04-08,10189,9904,3,0
8918,7809,2011/2012,29,2012-04-08,9790,8178,1,1
8919,7809,2011/2012,29,2012-04-07,8358,8165,2,2
8920,7809,2011/2012,29,2012-04-07,8350,8226,1,2
8921,7809,2011/2012,29,2012-04-07,10269,9905,4,1
8922,7809,2011/2012,29,2012-04-07,8722,8697,1,1
8923,7809,2011/2012,29,2012-04-07,8721,9789,1,3
8924,7809,2011/2012,29,2012-04-07,9788,8177,0,0
8925,7809,2011/2012,3,2011-08-20,9789,8165,2,0
8926,7809,2011/2012,3,2011-08-20,9823,9790,5,0
8927,7809,2011/2012,3,2011-08-20,8697,8358,5,3
8928,7809,2011/2012,3,2011-08-21,9904,8177,1,1
8929,7809,2011/2012,3,2011-08-21,9905,10189,2,4
8930,7809,2011/2012,3,2011-08-20,10269,8178,0,1
8931,7809,2011/2012,3,2011-08-20,8722,8350,1,1
8932,7809,2011/2012,3,2011-08-19,9788,8721,4,1
8933,7809,2011/2012,3,2011-08-20,8406,8226,0,2
8934,7809,2011/2012,30,2012-04-11,9789,9823,1,0
8935,7809,2011/2012,30,2012-04-11,8178,8350,3,1
8936,7809,2011/2012,30,2012-04-10,8697,9788,2,2
8937,7809,2011/2012,30,2012-04-11,9904,8721,2,0
8938,7809,2011/2012,30,2012-04-10,9905,8722,4,0
8939,7809,2011/2012,30,2012-04-11,8165,10189,4,1
8940,7809,2011/2012,30,2012-04-11,8226,9790,4,0
8941,7809,2011/2012,30,2012-04-10,8406,10269,1,3
8942,7809,2011/2012,30,2012-04-10,8177,8358,1,2
8943,7809,2011/2012,31,2012-04-14,8178,8177,3,3
8944,7809,2011/2012,31,2012-04-14,9823,9905,0,0
8945,7809,2011/2012,31,2012-04-14,10189,9789,1,2
8946,7809,2011/2012,31,2012-04-14,9790,9904,1,0
8947,7809,2011/2012,31,2012-04-15,8358,8226,0,0
8948,7809,2011/2012,31,2012-04-14,8350,8165,0,2
8949,7809,2011/2012,31,2012-04-13,10269,8697,4,1
8950,7809,2011/2012,31,2012-04-14,8721,8406,1,2
8951,7809,2011/2012,31,2012-04-15,9788,8722,3,0
8952,7809,2011/2012,32,2012-04-21,9789,9788,2,0
8953,7809,2011/2012,32,2012-04-21,8697,9823,1,2
8954,7809,2011/2012,32,2012-04-22,9904,8358,0,0
8955,7809,2011/2012,32,2012-04-20,9905,8721,0,0
8956,7809,2011/2012,32,2012-04-21,8165,9790,1,1
8957,7809,2011/2012,32,2012-04-21,8226,8178,0,1
8958,7809,2011/2012,32,2012-04-21,8722,10269,1,1
8959,7809,2011/2012,32,2012-04-22,8406,10189,1,1
8960,7809,2011/2012,32,2012-04-21,8177,8350,1,2
8961,7809,2011/2012,33,2012-04-28,8178,9904,1,0
8962,7809,2011/2012,33,2012-04-28,9823,10269,2,0
8963,7809,2011/2012,33,2012-04-28,10189,8177,4,0
8964,7809,2011/2012,33,2012-04-28,9790,9905,0,0
8965,7809,2011/2012,33,2012-04-28,8358,8722,4,1
8966,7809,2011/2012,33,2012-04-28,8350,9789,2,5
8967,7809,2011/2012,33,2012-04-28,8226,8165,2,3
8968,7809,2011/2012,33,2012-04-28,8721,8697,3,1
8969,7809,2011/2012,33,2012-04-28,9788,8406,0,0
8970,7809,2011/2012,34,2012-05-05,9789,8358,4,0
8971,7809,2011/2012,34,2012-05-05,8697,10189,2,3
8972,7809,2011/2012,34,2012-05-05,9904,8350,2,1
8973,7809,2011/2012,34,2012-05-05,9905,9788,0,3
8974,7809,2011/2012,34,2012-05-05,8165,8178,1,4
8975,7809,2011/2012,34,2012-05-05,10269,8721,3,2
8976,7809,2011/2012,34,2012-05-05,8722,9823,1,4
8977,7809,2011/2012,34,2012-05-05,8406,9790,1,0
8978,7809,2011/2012,34,2012-05-05,8177,8226,3,1
8979,7809,2011/2012,4,2011-08-27,8178,9789,0,0
8980,7809,2011/2012,4,2011-08-28,10189,9788,1,0
8981,7809,2011/2012,4,2011-08-27,9790,8722,3,4
8982,7809,2011/2012,4,2011-08-28,9904,9905,1,1
8983,7809,2011/2012,4,2011-08-27,8165,8406,1,0
8984,7809,2011/2012,4,2011-08-27,8358,8721,3,0
8985,7809,2011/2012,4,2011-08-27,8350,9823,0,3
8986,7809,2011/2012,4,2011-08-27,8226,8697,1,2
8987,7809,2011/2012,4,2011-08-26,8177,10269,1,0
8988,7809,2011/2012,5,2011-09-10,9789,8177,1,2
8989,7809,2011/2012,5,2011-09-10,9823,8358,7,0
8990,7809,2011/2012,5,2011-09-10,8697,9790,2,0
8991,7809,2011/2012,5,2011-09-10,9905,8226,0,4
8992,7809,2011/2012,5,2011-09-10,10269,9904,3,0
8993,7809,2011/2012,5,2011-09-11,8722,8165,1,2
8994,7809,2011/2012,5,2011-09-11,8721,10189,2,1
8995,7809,2011/2012,5,2011-09-10,9788,8350,1,0
8996,7809,2011/2012,5,2011-09-09,8406,8178,1,4
8997,7809,2011/2012,6,2011-09-17,8178,8722,1,4
8998,7809,2011/2012,6,2011-09-18,10189,9823,0,2
8999,7809,2011/2012,6,2011-09-17,9790,9788,0,1
9000,7809,2011/2012,6,2011-09-18,9904,9789,2,1
9001,7809,2011/2012,6,2011-09-17,8165,8697,1,1
9002,7809,2011/2012,6,2011-09-16,8358,10269,1,2
9003,7809,2011/2012,6,2011-09-17,8350,9905,3,1
9004,7809,2011/2012,6,2011-09-17,8226,8721,3,1
9005,7809,2011/2012,6,2011-09-17,8177,8406,2,2
9006,7809,2011/2012,7,2011-09-24,9823,8178,3,0
9007,7809,2011/2012,7,2011-09-24,10189,8358,4,2
9008,7809,2011/2012,7,2011-09-25,8697,8177,2,1
9009,7809,2011/2012,7,2011-09-24,9905,9789,1,2
9010,7809,2011/2012,7,2011-09-23,10269,9790,1,2
9011,7809,2011/2012,7,2011-09-25,8722,8226,2,0
9012,7809,2011/2012,7,2011-09-24,8721,8350,1,0
9013,7809,2011/2012,7,2011-09-24,9788,8165,1,0
9014,7809,2011/2012,7,2011-09-24,8406,9904,0,0
9015,7809,2011/2012,8,2011-10-01,9789,8406,4,0
9016,7809,2011/2012,8,2011-10-01,8178,8721,3,1
9017,7809,2011/2012,8,2011-10-02,9790,10189,1,2
9018,7809,2011/2012,8,2011-10-02,9904,8697,3,2
9019,7809,2011/2012,8,2011-10-01,8165,9905,3,3
9020,7809,2011/2012,8,2011-10-01,8358,9788,1,0
9021,7809,2011/2012,8,2011-09-30,8350,10269,0,2
9022,7809,2011/2012,8,2011-10-01,8226,9823,0,0
9023,7809,2011/2012,8,2011-10-01,8177,8722,3,0
9024,7809,2011/2012,9,2011-10-15,9823,8177,4,0
9025,7809,2011/2012,9,2011-10-15,10189,8350,1,2
9026,7809,2011/2012,9,2011-10-14,8697,9789,0,2
9027,7809,2011/2012,9,2011-10-15,9905,8406,0,1
9028,7809,2011/2012,9,2011-10-16,8358,9790,1,2
9029,7809,2011/2012,9,2011-10-15,10269,8226,2,0
9030,7809,2011/2012,9,2011-10-16,8722,9904,2,0
9031,7809,2011/2012,9,2011-10-15,8721,8165,2,1
9032,7809,2011/2012,9,2011-10-15,9788,8178,2,2
9033,7809,2012/2013,1,2012-08-24,9789,8697,2,1
9034,7809,2012/2013,1,2012-08-26,9904,10189,2,2
9035,7809,2012/2013,1,2012-08-25,10269,8721,0,1
9036,7809,2012/2013,1,2012-08-25,8358,9905,1,1
9037,7809,2012/2013,1,2012-08-25,8406,8194,0,2
9038,7809,2012/2013,1,2012-08-25,9790,8165,0,1
9039,7809,2012/2013,1,2012-08-25,9810,8178,2,1
9040,7809,2012/2013,1,2012-08-25,8357,9823,0,3
9041,7809,2012/2013,1,2012-08-25,9788,8226,2,1
9042,7809,2012/2013,10,2012-11-03,9789,10269,0,0
9043,7809,2012/2013,10,2012-11-03,9788,8358,1,1
9044,7809,2012/2013,10,2012-11-04,8178,8194,3,2
9045,7809,2012/2013,10,2012-11-03,9904,8406,2,0
9046,7809,2012/2013,10,2012-11-04,8697,9905,2,1
9047,7809,2012/2013,10,2012-11-03,8165,8721,1,0
9048,7809,2012/2013,10,2012-11-03,8226,10189,3,2
9049,7809,2012/2013,10,2012-11-03,9790,9823,0,3
9050,7809,2012/2013,10,2012-11-02,9810,8357,1,1
9051,7809,2012/2013,11,2012-11-10,9823,9810,2,0
9052,7809,2012/2013,11,2012-11-10,10189,8697,2,1
9053,7809,2012/2013,11,2012-11-11,10269,9904,2,4
9054,7809,2012/2013,11,2012-11-11,8721,8178,3,1
9055,7809,2012/2013,11,2012-11-10,8358,9790,0,0
9056,7809,2012/2013,11,2012-11-09,9905,8165,2,1
9057,7809,2012/2013,11,2012-11-10,8406,9789,1,3
9058,7809,2012/2013,11,2012-11-11,8357,9788,2,4
9059,7809,2012/2013,11,2012-11-10,8194,8226,1,1
9060,7809,2012/2013,12,2012-11-17,9789,8357,3,1
9061,7809,2012/2013,12,2012-11-17,9788,10269,1,2
9062,7809,2012/2013,12,2012-11-17,8178,10189,2,0
9063,7809,2012/2013,12,2012-11-17,9904,8358,1,2
9064,7809,2012/2013,12,2012-11-18,8697,8194,2,1
9065,7809,2012/2013,12,2012-11-17,8165,9823,1,1
9066,7809,2012/2013,12,2012-11-18,8226,8721,1,3
9067,7809,2012/2013,12,2012-11-17,9790,9905,1,0
9068,7809,2012/2013,12,2012-11-17,9810,8406,4,2
9069,7809,2012/2013,13,2012-11-24,9823,9904,5,0
9070,7809,2012/2013,13,2012-11-24,10189,9810,1,1
9071,7809,2012/2013,13,2012-11-24,8721,8697,1,1
9072,7809,2012/2013,13,2012-11-25,8226,8178,1,2
9073,7809,2012/2013,13,2012-11-25,8358,10269,3,0
9074,7809,2012/2013,13,2012-11-24,9905,9789,1,2
9075,7809,2012/2013,13,2012-11-25,8406,9788,1,1
9076,7809,2012/2013,13,2012-11-24,8357,8165,0,0
9077,7809,2012/2013,13,2012-11-23,8194,9790,2,0
9078,7809,2012/2013,14,2012-11-27,9789,8194,1,1
9079,7809,2012/2013,14,2012-11-28,9788,8721,2,0
9080,7809,2012/2013,14,2012-11-28,10269,8406,2,1
9081,7809,2012/2013,14,2012-11-27,9904,8357,2,0
9082,7809,2012/2013,14,2012-11-28,8697,8178,1,4
9083,7809,2012/2013,14,2012-11-28,8165,8226,4,2
9084,7809,2012/2013,14,2012-11-28,8358,9823,0,2
9085,7809,2012/2013,14,2012-11-27,9790,10189,3,1
9086,7809,2012/2013,14,2012-11-27,9810,9905,1,3
9087,7809,2012/2013,15,2012-12-01,9823,9789,1,1
9088,7809,2012/2013,15,2012-12-01,10189,9788,1,1
9089,7809,2012/2013,15,2012-12-01,8178,8165,1,0
9090,7809,2012/2013,15,2012-12-02,8721,9790,1,1
9091,7809,2012/2013,15,2012-12-02,8226,8697,1,4
9092,7809,2012/2013,15,2012-12-01,9905,9904,2,1
9093,7809,2012/2013,15,2012-12-01,8406,8358,1,1
9094,7809,2012/2013,15,2012-12-01,8357,10269,0,1
9095,7809,2012/2013,15,2012-11-30,8194,9810,4,0
9096,7809,2012/2013,16,2012-12-08,9789,8721,2,3
9097,7809,2012/2013,16,2012-12-09,9788,9905,2,0
9098,7809,2012/2013,16,2012-12-08,10269,10189,3,1
9099,7809,2012/2013,16,2012-12-09,9904,8178,3,2
9100,7809,2012/2013,16,2012-12-08,8165,8194,2,0
9101,7809,2012/2013,16,2012-12-08,8358,8357,1,0
9102,7809,2012/2013,16,2012-12-08,8406,9823,0,2
9103,7809,2012/2013,16,2012-12-07,9790,8226,2,0
9104,7809,2012/2013,16,2012-12-08,9810,8697,4,1
9105,7809,2012/2013,17,2012-12-14,9823,9788,1,1
9106,7809,2012/2013,17,2012-12-15,10189,8358,1,3
9107,7809,2012/2013,17,2012-12-15,8178,9790,3,0
9108,7809,2012/2013,17,2012-12-15,8721,9810,0,2
9109,7809,2012/2013,17,2012-12-16,8697,8165,1,1
9110,7809,2012/2013,17,2012-12-16,8226,9789,1,3
9111,7809,2012/2013,17,2012-12-15,9905,10269,3,1
9112,7809,2012/2013,17,2012-12-15,8357,8406,1,1
9113,7809,2012/2013,17,2012-12-15,8194,9904,2,1
9114,7809,2012/2013,18,2013-01-19,8697,9789,0,5
9115,7809,2012/2013,18,2013-01-18,10189,9904,5,4
9116,7809,2012/2013,18,2013-01-19,8226,9788,0,0
9117,7809,2012/2013,18,2013-01-19,8721,10269,2,0
9118,7809,2012/2013,18,2013-01-19,9905,8358,0,0
9119,7809,2012/2013,18,2013-01-20,8194,8406,2,3
9120,7809,2012/2013,18,2013-01-20,8165,9790,1,1
9121,7809,2012/2013,18,2013-01-19,8178,9810,3,1
9122,7809,2012/2013,18,2013-01-19,9823,8357,2,0
9123,7809,2012/2013,19,2013-01-27,10269,9823,0,2
9124,7809,2012/2013,19,2013-01-26,8406,10189,0,0
9125,7809,2012/2013,19,2013-01-26,8358,8178,0,0
9126,7809,2012/2013,19,2013-01-26,9904,8721,2,1
9127,7809,2012/2013,19,2013-01-27,9790,8697,3,2
9128,7809,2012/2013,19,2013-01-25,9789,8165,3,0
9129,7809,2012/2013,19,2013-01-26,9810,8226,2,1
9130,7809,2012/2013,19,2013-01-26,8357,9905,0,3
9131,7809,2012/2013,19,2013-01-26,9788,8194,2,1
9132,7809,2012/2013,2,2012-09-02,9823,10269,6,1
9133,7809,2012/2013,2,2012-09-01,10189,8406,3,1
9134,7809,2012/2013,2,2012-09-01,8178,8358,2,0
9135,7809,2012/2013,2,2012-09-02,8721,9904,0,4
9136,7809,2012/2013,2,2012-09-01,8697,9790,2,0
9137,7809,2012/2013,2,2012-09-01,8165,9789,1,1
9138,7809,2012/2013,2,2012-09-01,8226,9810,0,4
9139,7809,2012/2013,2,2012-08-31,9905,8357,0,1
9140,7809,2012/2013,2,2012-09-01,8194,9788,0,0
9141,7809,2012/2013,20,2013-02-03,8178,9789,2,3
9142,7809,2012/2013,20,2013-02-02,9905,9823,0,3
9143,7809,2012/2013,20,2013-02-03,8165,9788,2,1
9144,7809,2012/2013,20,2013-02-02,8194,10269,3,1
9145,7809,2012/2013,20,2013-02-01,8697,9904,2,0
9146,7809,2012/2013,20,2013-02-02,8226,8358,2,1
9147,7809,2012/2013,20,2013-02-02,8721,8406,1,1
9148,7809,2012/2013,20,2013-02-02,10189,8357,1,2
9149,7809,2012/2013,20,2013-02-02,9790,9810,0,2
9150,7809,2012/2013,21,2013-02-09,9823,10189,4,0
9151,7809,2012/2013,21,2013-02-09,9788,8178,3,3
9152,7809,2012/2013,21,2013-02-09,8357,8721,0,1
9153,7809,2012/2013,21,2013-02-09,10269,8697,1,4
9154,7809,2012/2013,21,2013-02-09,9810,8165,0,0
9155,7809,2012/2013,21,2013-02-09,9904,8226,1,0
9156,7809,2012/2013,21,2013-02-10,8406,9905,1,1
9157,7809,2012/2013,21,2013-02-09,9789,9790,1,4
9158,7809,2012/2013,21,2013-02-10,8358,8194,1,0
9159,7809,2012/2013,22,2013-02-15,8721,9823,0,2
9160,7809,2012/2013,22,2013-02-16,9905,10189,2,2
9161,7809,2012/2013,22,2013-02-16,9790,9788,1,0
9162,7809,2012/2013,22,2013-02-17,8226,10269,0,1
9163,7809,2012/2013,22,2013-02-17,8165,9904,2,2
9164,7809,2012/2013,22,2013-02-16,8697,8358,2,3
9165,7809,2012/2013,22,2013-02-16,8178,8406,2,1
9166,7809,2012/2013,22,2013-02-16,8194,8357,1,0
9167,7809,2012/2013,22,2013-02-16,9789,9810,3,0
9168,7809,2012/2013,23,2013-02-24,9788,9789,1,1
9169,7809,2012/2013,23,2013-02-24,8357,8178,0,0
9170,7809,2012/2013,23,2013-02-23,9905,8721,1,1
9171,7809,2012/2013,23,2013-02-23,9823,8697,6,1
9172,7809,2012/2013,23,2013-02-23,10269,8165,1,1
9173,7809,2012/2013,23,2013-02-23,8406,8226,2,1
9174,7809,2012/2013,23,2013-02-23,9904,9790,5,1
9175,7809,2012/2013,23,2013-02-22,8358,9810,0,0
9176,7809,2012/2013,23,2013-02-23,10189,8194,2,1
9177,7809,2012/2013,24,2013-03-03,8226,9823,0,1
9178,7809,2012/2013,24,2013-03-02,8721,10189,1,4
9179,7809,2012/2013,24,2013-03-01,9810,9788,0,1
9180,7809,2012/2013,24,2013-03-02,8178,10269,2,1
9181,7809,2012/2013,24,2013-03-02,9789,9904,3,1
9182,7809,2012/2013,24,2013-03-02,8165,8358,1,1
9183,7809,2012/2013,24,2013-03-03,8194,9905,1,1
9184,7809,2012/2013,24,2013-03-02,8697,8406,0,1
9185,7809,2012/2013,24,2013-03-02,9790,8357,1,1
9186,7809,2012/2013,25,2013-03-09,10189,9789,2,1
9187,7809,2012/2013,25,2013-03-09,9905,8178,1,0
9188,7809,2012/2013,25,2013-03-09,8358,8721,2,5
9189,7809,2012/2013,25,2013-03-09,9788,8697,1,1
9190,7809,2012/2013,25,2013-03-08,8406,8165,1,2
9191,7809,2012/2013,25,2013-03-09,8357,8226,0,3
9192,7809,2012/2013,25,2013-03-10,10269,9790,0,1
9193,7809,2012/2013,25,2013-03-10,9904,9810,0,0
9194,7809,2012/2013,25,2013-03-09,9823,8194,3,2
9195,7809,2012/2013,26,2013-03-16,8178,9823,1,2
9196,7809,2012/2013,26,2013-03-16,8165,10189,3,0
9197,7809,2012/2013,26,2013-03-17,9810,10269,1,2
9198,7809,2012/2013,26,2013-03-17,9788,9904,1,0
9199,7809,2012/2013,26,2013-03-16,9789,8358,5,1
9200,7809,2012/2013,26,2013-03-16,8226,9905,0,0
9201,7809,2012/2013,26,2013-03-16,9790,8406,0,1
9202,7809,2012/2013,26,2013-03-16,8697,8357,2,2
9203,7809,2012/2013,26,2013-03-15,8721,8194,1,1
9204,7809,2012/2013,27,2013-03-30,10269,9789,1,2
9205,7809,2012/2013,27,2013-03-30,8358,9788,2,0
9206,7809,2012/2013,27,2013-03-30,8194,8178,1,4
9207,7809,2012/2013,27,2013-03-30,8406,9904,0,2
9208,7809,2012/2013,27,2013-03-30,9905,8697,1,1
9209,7809,2012/2013,27,2013-03-31,8721,8165,2,2
9210,7809,2012/2013,27,2013-03-30,10189,8226,3,0
9211,7809,2012/2013,27,2013-03-30,9823,9790,9,2
9212,7809,2012/2013,27,2013-03-31,8357,9810,2,3
9213,7809,2012/2013,28,2013-04-06,9810,9823,0,1
9214,7809,2012/2013,28,2013-04-06,8697,10189,0,2
9215,7809,2012/2013,28,2013-04-07,9904,10269,0,0
9216,7809,2012/2013,28,2013-04-06,8178,8721,1,1
9217,7809,2012/2013,28,2013-04-06,9790,8358,0,1
9218,7809,2012/2013,28,2013-04-07,8165,9905,2,1
9219,7809,2012/2013,28,2013-04-06,9789,8406,4,2
9220,7809,2012/2013,28,2013-04-06,9788,8357,1,0
9221,7809,2012/2013,28,2013-04-05,8226,8194,3,0
9222,7809,2012/2013,29,2013-04-13,8357,9789,1,6
9223,7809,2012/2013,29,2013-04-14,10269,9788,2,0
9224,7809,2012/2013,29,2013-04-13,10189,8178,2,2
9225,7809,2012/2013,29,2013-04-12,8358,9904,3,1
9226,7809,2012/2013,29,2013-04-13,8194,8697,2,2
9227,7809,2012/2013,29,2013-04-13,9823,8165,4,0
9228,7809,2012/2013,29,2013-04-13,8721,8226,2,2
9229,7809,2012/2013,29,2013-04-13,9905,9790,1,2
9230,7809,2012/2013,29,2013-04-14,8406,9810,2,0
9231,7809,2012/2013,3,2012-09-15,9789,8178,3,0
9232,7809,2012/2013,3,2012-09-15,9823,9905,3,1
9233,7809,2012/2013,3,2012-09-15,9788,8165,2,3
9234,7809,2012/2013,3,2012-09-15,10269,8194,0,0
9235,7809,2012/2013,3,2012-09-15,9904,8697,3,2
9236,7809,2012/2013,3,2012-09-16,8358,8226,5,3
9237,7809,2012/2013,3,2012-09-14,8406,8721,0,0
9238,7809,2012/2013,3,2012-09-15,8357,10189,0,2
9239,7809,2012/2013,3,2012-09-16,9810,9790,3,2
9240,7809,2012/2013,30,2013-04-20,9904,9823,1,6
9241,7809,2012/2013,30,2013-04-20,9810,10189,1,0
9242,7809,2012/2013,30,2013-04-20,8697,8721,0,3
9243,7809,2012/2013,30,2013-04-20,8178,8226,5,0
9244,7809,2012/2013,30,2013-04-21,10269,8358,2,1
9245,7809,2012/2013,30,2013-04-20,9789,9905,2,0
9246,7809,2012/2013,30,2013-04-19,9788,8406,1,0
9247,7809,2012/2013,30,2013-04-21,8165,8357,0,1
9248,7809,2012/2013,30,2013-04-20,9790,8194,2,1
9249,7809,2012/2013,31,2013-04-27,8194,9789,1,2
9250,7809,2012/2013,31,2013-04-27,8721,9788,3,1
9251,7809,2012/2013,31,2013-04-27,8406,10269,3,0
9252,7809,2012/2013,31,2013-04-26,8357,9904,2,3
9253,7809,2012/2013,31,2013-04-27,8178,8697,1,0
9254,7809,2012/2013,31,2013-04-27,8226,8165,2,1
9255,7809,2012/2013,31,2013-04-27,9823,8358,1,0
9256,7809,2012/2013,31,2013-04-28,10189,9790,4,1
9257,7809,2012/2013,31,2013-04-28,9905,9810,0,0
9258,7809,2012/2013,32,2013-05-04,9789,9823,1,1
9259,7809,2012/2013,32,2013-05-03,9788,10189,0,1
9260,7809,2012/2013,32,2013-05-04,8165,8178,0,2
9261,7809,2012/2013,32,2013-05-05,9790,8721,1,1
9262,7809,2012/2013,32,2013-05-04,8697,8226,2,2
9263,7809,2012/2013,32,2013-05-04,9904,9905,2,2
9264,7809,2012/2013,32,2013-05-05,8358,8406,2,0
9265,7809,2012/2013,32,2013-05-04,10269,8357,0,2
9266,7809,2012/2013,32,2013-05-04,9810,8194,3,1
9267,7809,2012/2013,33,2013-05-11,8721,9789,3,3
9268,7809,2012/2013,33,2013-05-11,9905,9788,2,4
9269,7809,2012/2013,33,2013-05-11,10189,10269,1,2
9270,7809,2012/2013,33,2013-05-11,8178,9904,3,1
9271,7809,2012/2013,33,2013-05-11,8194,8165,1,2
9272,7809,2012/2013,33,2013-05-11,8357,8358,1,2
9273,7809,2012/2013,33,2013-05-11,9823,8406,3,0
9274,7809,2012/2013,33,2013-05-11,8226,9790,1,4
9275,7809,2012/2013,33,2013-05-11,8697,9810,1,1
9276,7809,2012/2013,34,2013-05-18,9788,9823,3,4
9277,7809,2012/2013,34,2013-05-18,8358,10189,1,2
9278,7809,2012/2013,34,2013-05-18,9790,8178,0,1
9279,7809,2012/2013,34,2013-05-18,9810,8721,2,2
9280,7809,2012/2013,34,2013-05-18,8165,8697,3,2
9281,7809,2012/2013,34,2013-05-18,9789,8226,1,2
9282,7809,2012/2013,34,2013-05-18,10269,9905,2,2
9283,7809,2012/2013,34,2013-05-18,8406,8357,3,1
9284,7809,2012/2013,34,2013-05-18,9904,8194,3,0
9285,7809,2012/2013,4,2012-09-22,10189,9823,0,2
9286,7809,2012/2013,4,2012-09-23,8178,9788,1,1
9287,7809,2012/2013,4,2012-09-22,8721,8357,1,1
9288,7809,2012/2013,4,2012-09-23,8697,10269,2,2
9289,7809,2012/2013,4,2012-09-21,8165,9810,1,2
9290,7809,2012/2013,4,2012-09-23,8226,9904,3,1
9291,7809,2012/2013,4,2012-09-22,9905,8406,2,0
9292,7809,2012/2013,4,2012-09-22,9790,9789,3,2
9293,7809,2012/2013,4,2012-09-22,8194,8358,0,0
9294,7809,2012/2013,5,2012-09-25,9823,8721,3,0
9295,7809,2012/2013,5,2012-09-25,10189,9905,3,0
9296,7809,2012/2013,5,2012-09-26,9788,9790,2,2
9297,7809,2012/2013,5,2012-09-26,10269,8226,0,3
9298,7809,2012/2013,5,2012-09-26,9904,8165,4,1
9299,7809,2012/2013,5,2012-09-26,8358,8697,1,2
9300,7809,2012/2013,5,2012-09-26,8406,8178,1,3
9301,7809,2012/2013,5,2012-09-25,8357,8194,0,2
9302,7809,2012/2013,5,2012-09-25,9810,9789,3,3
9303,7809,2012/2013,6,2012-09-29,9789,9788,5,0
9304,7809,2012/2013,6,2012-09-29,8178,8357,2,0
9305,7809,2012/2013,6,2012-09-30,8721,9905,0,2
9306,7809,2012/2013,6,2012-09-29,8697,9823,0,2
9307,7809,2012/2013,6,2012-09-29,8165,10269,0,2
9308,7809,2012/2013,6,2012-09-29,8226,8406,0,0
9309,7809,2012/2013,6,2012-09-29,9790,9904,1,0
9310,7809,2012/2013,6,2012-09-30,9810,8358,2,1
9311,7809,2012/2013,6,2012-09-28,8194,10189,2,2
9312,7809,2012/2013,7,2012-10-06,9823,8226,2,0
9313,7809,2012/2013,7,2012-10-06,10189,8721,3,0
9314,7809,2012/2013,7,2012-10-07,9788,9810,2,0
9315,7809,2012/2013,7,2012-10-07,10269,8178,2,2
9316,7809,2012/2013,7,2012-10-07,9904,9789,1,1
9317,7809,2012/2013,7,2012-10-06,8358,8165,3,0
9318,7809,2012/2013,7,2012-10-06,9905,8194,1,0
9319,7809,2012/2013,7,2012-10-05,8406,8697,3,1
9320,7809,2012/2013,7,2012-10-06,8357,9790,0,1
9321,7809,2012/2013,8,2012-10-20,9789,10189,1,2
9322,7809,2012/2013,8,2012-10-20,8178,9905,2,2
9323,7809,2012/2013,8,2012-10-20,8721,8358,0,2
9324,7809,2012/2013,8,2012-10-20,8697,9788,4,0
9325,7809,2012/2013,8,2012-10-21,8165,8406,0,0
9326,7809,2012/2013,8,2012-10-19,8226,8357,3,3
9327,7809,2012/2013,8,2012-10-21,9790,10269,0,1
9328,7809,2012/2013,8,2012-10-20,9810,9904,3,1
9329,7809,2012/2013,8,2012-10-20,8194,9823,0,5
9330,7809,2012/2013,9,2012-10-28,9823,8178,1,2
9331,7809,2012/2013,9,2012-10-27,10189,8165,1,0
9332,7809,2012/2013,9,2012-10-28,10269,9810,2,1
9333,7809,2012/2013,9,2012-10-28,9904,9788,2,3
9334,7809,2012/2013,9,2012-10-27,8358,9789,0,2
9335,7809,2012/2013,9,2012-10-27,9905,8226,3,0
9336,7809,2012/2013,9,2012-10-26,8406,9790,0,2
9337,7809,2012/2013,9,2012-10-27,8357,8697,1,1
9338,7809,2012/2013,9,2012-10-27,8194,8721,1,4
9339,7809,2013/2014,1,2013-08-09,9823,9788,3,1
9340,7809,2013/2014,1,2013-08-11,9905,10269,3,2
9341,7809,2013/2014,1,2013-08-10,8226,8165,2,2
9342,7809,2013/2014,1,2013-08-11,10189,9790,3,3
9343,7809,2013/2014,1,2013-08-10,8178,8358,3,1
9344,7809,2013/2014,1,2013-08-10,9904,8721,2,0
9345,7809,2013/2014,1,2013-08-10,8406,9789,0,4
9346,7809,2013/2014,1,2013-08-10,9776,8697,0,1
9347,7809,2013/2014,1,2013-08-10,8177,9810,6,1
9348,7809,2013/2014,10,2013-10-26,9823,8177,3,2
9349,7809,2013/2014,10,2013-10-26,10189,9789,1,3
9350,7809,2013/2014,10,2013-10-27,9788,9810,4,1
9351,7809,2013/2014,10,2013-10-26,8178,8406,2,1
9352,7809,2013/2014,10,2013-10-25,10269,8165,1,1
9353,7809,2013/2014,10,2013-10-26,9904,8226,1,4
9354,7809,2013/2014,10,2013-10-26,8721,8697,3,0
9355,7809,2013/2014,10,2013-10-27,8358,9790,0,3
9356,7809,2013/2014,10,2013-10-26,9905,9776,2,0
9357,7809,2013/2014,11,2013-11-01,9789,10269,6,1
9358,7809,2013/2014,11,2013-11-03,8697,9904,3,2
9359,7809,2013/2014,11,2013-11-02,8165,8358,0,3
9360,7809,2013/2014,11,2013-11-02,8226,9823,1,2
9361,7809,2013/2014,11,2013-11-03,8406,9905,2,1
9362,7809,2013/2014,11,2013-11-02,9790,9788,0,2
9363,7809,2013/2014,11,2013-11-02,9776,8178,1,0
9364,7809,2013/2014,11,2013-11-02,9810,8721,1,2
9365,7809,2013/2014,11,2013-11-02,8177,10189,0,2
9366,7809,2013/2014,12,2013-11-09,9823,8406,3,0
9367,7809,2013/2014,12,2013-11-09,10189,8697,3,1
9368,7809,2013/2014,12,2013-11-09,9788,8165,3,1
9369,7809,2013/2014,12,2013-11-09,8178,9790,5,3
9370,7809,2013/2014,12,2013-11-08,9904,9776,0,0
9371,7809,2013/2014,12,2013-11-09,8721,9789,2,1
9372,7809,2013/2014,12,2013-11-09,8226,8177,2,3
9373,7809,2013/2014,12,2013-11-10,8358,10269,1,3
9374,7809,2013/2014,12,2013-11-10,9905,9810,1,0
9375,7809,2013/2014,13,2013-11-23,9789,9823,0,3
9376,7809,2013/2014,13,2013-11-22,10269,9788,0,2
9377,7809,2013/2014,13,2013-11-24,8697,9905,2,3
9378,7809,2013/2014,13,2013-11-23,8165,8721,1,1
9379,7809,2013/2014,13,2013-11-23,8406,8226,2,0
9380,7809,2013/2014,13,2013-11-24,9790,9904,3,1
9381,7809,2013/2014,13,2013-11-23,9776,8358,0,1
9382,7809,2013/2014,13,2013-11-23,9810,10189,3,3
9383,7809,2013/2014,13,2013-11-23,8177,8178,0,1
9384,7809,2013/2014,14,2013-11-30,9823,9776,2,0
9385,7809,2013/2014,14,2013-11-30,10189,10269,3,0
9386,7809,2013/2014,14,2013-12-01,9788,8358,1,0
9387,7809,2013/2014,14,2013-11-30,8178,8165,3,0
9388,7809,2013/2014,14,2013-12-01,9904,9810,2,0
9389,7809,2013/2014,14,2013-11-29,8721,9790,1,1
9390,7809,2013/2014,14,2013-11-30,8226,8697,4,4
9391,7809,2013/2014,14,2013-11-30,9905,9789,1,3
9392,7809,2013/2014,14,2013-11-30,8177,8406,0,0
9393,7809,2013/2014,15,2013-12-07,9789,8178,0,1
9394,7809,2013/2014,15,2013-12-07,9788,10189,2,1
9395,7809,2013/2014,15,2013-12-07,10269,9904,4,2
9396,7809,2013/2014,15,2013-12-07,8697,9823,0,7
9397,7809,2013/2014,15,2013-12-06,8165,9905,1,1
9398,7809,2013/2014,15,2013-12-08,8358,8721,0,3
9399,7809,2013/2014,15,2013-12-07,9790,8406,0,1
9400,7809,2013/2014,15,2013-12-08,9776,8177,0,2
9401,7809,2013/2014,15,2013-12-07,9810,8226,1,2
9402,7809,2013/2014,16,2013-12-14,9823,9790,3,1
9403,7809,2013/2014,16,2013-12-15,10189,8358,2,0
9404,7809,2013/2014,16,2013-12-15,8178,9810,0,1
9405,7809,2013/2014,16,2013-12-14,9904,8165,3,3
9406,7809,2013/2014,16,2013-12-14,8721,10269,3,1
9407,7809,2013/2014,16,2013-12-14,8226,9789,2,2
9408,7809,2013/2014,16,2013-12-14,9905,9788,0,0
9409,7809,2013/2014,16,2013-12-14,8406,9776,4,1
9410,7809,2013/2014,16,2013-12-13,8177,8697,3,2
9411,7809,2013/2014,17,2013-12-21,9789,8177,1,2
9412,7809,2013/2014,17,2013-12-22,9788,8721,2,2
9413,7809,2013/2014,17,2013-12-21,8697,8178,1,0
9414,7809,2013/2014,17,2013-12-21,8165,10189,0,0
9415,7809,2013/2014,17,2013-12-21,8358,9904,2,1
9416,7809,2013/2014,17,2013-12-21,9790,9905,2,3
9417,7809,2013/2014,17,2013-12-21,9776,8226,1,0
9418,7809,2013/2014,17,2013-12-20,9810,8406,1,1
9419,7809,2013/2014,17,2014-01-29,10269,9823,1,2
9420,7809,2013/2014,18,2014-01-25,9789,8406,2,2
9421,7809,2013/2014,18,2014-01-24,9788,9823,0,2
9422,7809,2013/2014,18,2014-01-25,10269,9905,1,2
9423,7809,2013/2014,18,2014-01-25,8721,9904,1,3
9424,7809,2013/2014,18,2014-01-26,8697,9776,0,0
9425,7809,2013/2014,18,2014-01-25,8165,8226,4,0
9426,7809,2013/2014,18,2014-01-25,8358,8178,3,2